id,author,description,name,price,publish_date,remark,star
100, 'one', 'kiyu', 'One Punch Man',20,Wed Jul 03 23:34:00 CST 2019, 'recommand to watch', 'qi yu'
101, 'one', 'kiyu', 'One Punch Man',0,Wed Jul 03 23:34:00 CST 2019, 'any one just one punch', 'qi yu'
102, 'one', 'kiyu', 'One Punch Man',0,Wed Jul 03 23:34:00 CST 2019, 'any one just one punch', 'qi yu'
103, 'one', 'kiyu', 'One Punch Man',0,Wed Jul 03 23:34:00 CST 2019, 'any one just one punch', 'qi yu'
104, 'one', 'kiyu', 'One Punch Man',0,Wed Jul 03 23:34:00 CST 2019, 'any one just one punch', 'qi yu'
105, 'one', 'kiyu', 'One Punch Man',0,Wed Jul 03 23:34:00 CST 2019, 'any one just one punch', 'qi yu'
106, 'one', 'kiyu', 'One Punch Man',0,Wed Jul 03 23:34:00 CST 2019, 'any one just one punch', 'qi yu'
107, 'one', 'kiyu', 'One Punch Man',0,Wed Jul 03 23:34:00 CST 2019, 'any one just one punch', 'qi yu'
108, 'one', 'kiyu', 'One Punch Man',0,Wed Jul 03 23:34:00 CST 2019, 'any one just one punch', 'qi yu'
109, 'one', 'kiyu', 'One Punch Man',0,Wed Jul 03 23:34:00 CST 2019, 'any one just one punch', 'qi yu'
110, 'one', 'kiyu', 'One Punch Man',0,Wed Jul 03 23:34:00 CST 2019, 'any one just one punch', 'qi yu'
111, 'one', 'kiyu', 'One Punch Man',0,Wed Jul 03 23:34:00 CST 2019, 'any one just one punch', 'qi yu'
112, 'one', 'kiyu', 'One Punch Man',0,Wed Jul 03 23:34:00 CST 2019, 'any one just one punch', 'qi yu'
113, 'one', 'kiyu', 'One Punch Man',0,Wed Jul 03 23:34:00 CST 2019, 'any one just one punch', 'qi yu'
114, 'one', 'kiyu', 'One Punch Man',0,Wed Jul 03 23:34:00 CST 2019, 'any one just one punch', 'qi yu'
115, 'one', 'kiyu', 'One Punch Man',0,Wed Jul 03 23:34:00 CST 2019, 'any one just one punch', 'qi yu'
116, 'one', 'kiyu', 'One Punch Man',0,Wed Jul 03 23:34:00 CST 2019, 'any one just one punch', 'qi yu'
117, 'one', 'kiyu', 'One Punch Man',0,Wed Jul 03 23:34:00 CST 2019, 'any one just one punch', 'qi yu'
118, 'one', 'kiyu', 'One Punch Man',0,Wed Jul 03 23:34:00 CST 2019, 'any one just one punch', 'qi yu'
119, 'Kishimoto Masashi', 'Uzumaki Naruto', 'NARUTO',0,Wed Jul 03 23:34:00 CST 2019, 'recommand to watch', 'ming ren'
120, 'one', 'kiyu', 'One Punch Man',0,Wed Jul 03 23:34:00 CST 2019, 'any one just one punch', 'qi yu'
121, 'one', 'kiyu', 'One Punch Man',0,Wed Jul 03 23:34:00 CST 2019, 'any one just one punch', 'qi yu'
122, 'one', 'kiyu', 'One Punch Man',22.55,Wed Jul 03 23:34:00 CST 2019, 'any one just one punch', 'qi yu'
123, 'one', 'kiyu', 'One Punch Man',0,Wed Jul 03 23:34:00 CST 2019, 'any one just one punch', 'qi yu'
124, 'one', 'kiyu', 'One Punch Man',0,Wed Jul 03 23:34:00 CST 2019, 'any one just one punch', 'qi yu'
125, 'one', 'kiyu', 'One Punch Man',0,Wed Jul 03 23:34:00 CST 2019, 'any one just one punch', 'qi yu'
126, 'one', '20% 40% 60% 80% 100%', 'Mob Psycho 100',0,Wed Jul 03 23:34:00 CST 2019, '100%', 'long tao'
